cohort,0,1,2,3,4,5,6,7,8,9,10,11,12,13,14,15,16,17,18,19,20,21,22,23
2024-01,1.0,0.16,0.142,0.118,0.16,0.142,0.148,0.101,0.071,0.071,0.053,0.041,0.018,0.024,0.006,0.018,0.012,0.018,0.006,0.012,0.012,0.018,0.006,0.006
2024-02,1.0,0.202,0.16,0.13,0.126,0.097,0.118,0.071,0.071,0.071,0.042,0.038,0.046,0.025,0.021,0.029,0.025,0.017,0.029,0.013,0.008,0.0,0.013,
2024-03,1.0,0.192,0.134,0.161,0.096,0.084,0.084,0.061,0.046,0.073,0.08,0.038,0.038,0.038,0.042,0.019,0.008,0.042,0.031,0.004,0.015,0.011,,
2024-04,1.0,0.153,0.139,0.136,0.118,0.098,0.098,0.084,0.073,0.059,0.08,0.063,0.049,0.063,0.024,0.007,0.028,0.017,0.017,0.017,0.014,,,
2024-05,1.0,0.155,0.148,0.177,0.134,0.108,0.101,0.09,0.072,0.072,0.054,0.036,0.054,0.04,0.032,0.011,0.029,0.022,0.011,0.018,,,,
2024-06,1.0,0.184,0.146,0.138,0.111,0.1,0.107,0.08,0.065,0.046,0.065,0.054,0.038,0.046,0.031,0.031,0.023,0.011,0.023,,,,,
2024-07,1.0,0.15,0.165,0.157,0.138,0.114,0.118,0.091,0.067,0.075,0.063,0.043,0.039,0.043,0.028,0.016,0.028,0.012,,,,,,
2024-08,1.0,0.14,0.171,0.164,0.115,0.136,0.105,0.084,0.066,0.077,0.059,0.049,0.038,0.021,0.042,0.024,0.031,,,,,,,
2024-09,1.0,0.136,0.14,0.14,0.119,0.093,0.085,0.064,0.081,0.076,0.064,0.038,0.034,0.047,0.042,0.038,,,,,,,,
2024-10,1.0,0.223,0.166,0.14,0.102,0.106,0.094,0.072,0.075,0.042,0.045,0.023,0.034,0.049,0.03,,,,,,,,,
2024-11,1.0,0.134,0.127,0.127,0.116,0.112,0.105,0.072,0.065,0.062,0.051,0.062,0.047,0.018,,,,,,,,,,
2024-12,1.0,0.142,0.172,0.154,0.109,0.109,0.094,0.064,0.049,0.09,0.075,0.037,0.045,,,,,,,,,,,
2025-01,1.0,0.125,0.198,0.135,0.145,0.106,0.112,0.089,0.073,0.063,0.059,0.05,,,,,,,,,,,,
2025-02,1.0,0.186,0.167,0.131,0.081,0.095,0.054,0.1,0.041,0.05,0.027,,,,,,,,,,,,,
2025-03,1.0,0.169,0.149,0.094,0.118,0.094,0.106,0.09,0.075,0.043,,,,,,,,,,,,,,
2025-04,1.0,0.12,0.163,0.167,0.116,0.099,0.12,0.086,0.077,,,,,,,,,,,,,,,
2025-05,1.0,0.169,0.157,0.097,0.123,0.106,0.076,0.051,,,,,,,,,,,,,,,,
2025-06,1.0,0.15,0.167,0.126,0.099,0.126,0.075,,,,,,,,,,,,,,,,,
2025-07,1.0,0.167,0.145,0.141,0.089,0.134,,,,,,,,,,,,,,,,,,
2025-08,1.0,0.223,0.174,0.155,0.114,,,,,,,,,,,,,,,,,,,
2025-09,1.0,0.189,0.124,0.107,,,,,,,,,,,,,,,,,,,,
2025-10,1.0,0.151,0.129,,,,,,,,,,,,,,,,,,,,,
2025-11,1.0,0.204,,,,,,,,,,,,,,,,,,,,,,
2025-12,1.0,,,,,,,,,,,,,,,,,,,,,,,
