month,revenue,mom_growth_pct
2024-01,30589.0,
2024-02,49048.0,60.3
2024-03,64079.0,30.6
2024-04,73998.0,15.5
2024-05,89454.0,20.9
2024-06,94494.0,5.6
2024-07,93298.0,-1.3
2024-08,101943.0,9.3
2024-09,96745.0,-5.1
2024-10,103672.0,7.2
2024-11,182442.0,76.0
2024-12,148467.0,-18.6
2025-01,119549.0,-19.5
2025-02,99878.0,-16.5
2025-03,127737.0,27.9
2025-04,110666.0,-13.4
2025-05,114639.0,3.6
2025-06,118503.0,3.4
2025-07,115230.0,-2.8
2025-08,113909.0,-1.1
2025-09,117728.0,3.4
2025-10,120398.0,2.3
2025-11,161114.0,33.8
2025-12,129440.0,-19.7
